{
  "id": "hard",
  "waves": [
    {
      "id": "hard_lane_swarm_rush",
      "formation": "lane",
      "enemyType": "swarm",
      "count": 6,
      "speedMultiplier": 1.05,
      "hpMultiplier": 1.1,
      "formationParams": { "laneIndex": 2 },
      "telegraph": { "type": "zone", "durationMs": 520 },
      "telegraphDelayMs": 300,
      "category": "standard",
      "tags": ["swarm"],
      "cooldownMs": 2800,
      "fallbackEligible": true
    },
    {
      "id": "hard_lane_dash_split",
      "formation": "lane",
      "enemyType": "dasher",
      "count": 5,
      "speedMultiplier": 1.18,
      "hpMultiplier": 0.75,
      "formationParams": { "laneIndex": 4 },
      "telegraph": { "type": "zone", "durationMs": 520 },
      "telegraphDelayMs": 360,
      "category": "standard",
      "tags": ["dasher"],
      "cooldownMs": 4200
    },
    {
      "id": "hard_sine_dashers",
      "formation": "sine",
      "enemyType": "dasher",
      "count": 6,
      "speedMultiplier": 1.16,
      "hpMultiplier": 0.8,
      "formationParams": { "amplitude": 180, "wavelength": 280 },
      "telegraph": { "type": "line", "durationMs": 620 },
      "telegraphDelayMs": 420,
      "audioCue": "announcer_warning",
      "category": "heavy",
      "tags": ["dasher"],
      "cooldownMs": 6200,
      "minimumStage": 2
    },
    {
      "id": "hard_v_brute",
      "formation": "v",
      "enemyType": "brute",
      "count": 5,
      "speedMultiplier": 0.92,
      "hpMultiplier": 1.4,
      "formationParams": { "spread": 68 },
      "telegraph": { "type": "line", "durationMs": 700 },
      "telegraphDelayMs": 500,
      "audioCue": "announcer_warning",
      "category": "heavy",
      "tags": ["brute"],
      "cooldownMs": 7200,
      "minimumStage": 2
    },
    {
      "id": "hard_swirl_mix",
      "formation": "swirl",
      "enemyType": "swarm",
      "count": 8,
      "speedMultiplier": 1.04,
      "hpMultiplier": 1.1,
      "formationParams": { "radius": 220, "turns": 2.5, "durationMs": 2600 },
      "telegraph": { "type": "circle", "durationMs": 700 },
      "telegraphDelayMs": 520,
      "audioCue": "announcer_enemies_approching",
      "category": "heavy",
      "tags": ["swarm"],
      "cooldownMs": 7800,
      "minimumStage": 3
    },
    {
      "id": "hard_circle_dash_guard",
      "formation": "circle",
      "enemyType": "dasher",
      "count": 10,
      "speedMultiplier": 1.08,
      "hpMultiplier": 0.85,
      "formationParams": { "radius": 260, "spinSpeed": 0.95 },
      "telegraph": { "type": "circle", "durationMs": 820 },
      "telegraphDelayMs": 620,
      "audioCue": "announcer_warning",
      "category": "heavy",
      "tags": ["dasher"],
      "cooldownMs": 9200,
      "minimumStage": 3
    },
    {
      "id": "hard_spiral_core",
      "formation": "spiral",
      "enemyType": "swarm",
      "count": 9,
      "speedMultiplier": 1.06,
      "hpMultiplier": 1.2,
      "formationParams": { "radius": 250, "turns": 3.5, "durationMs": 3200 },
      "telegraph": { "type": "circle", "durationMs": 780 },
      "telegraphDelayMs": 580,
      "category": "heavy",
      "tags": ["swarm"],
      "cooldownMs": 9600,
      "minimumStage": 4
    },
    {
      "id": "hard_spiral_drop_brute",
      "formation": "spiral_drop",
      "enemyType": "brute",
      "count": 6,
      "speedMultiplier": 1,
      "hpMultiplier": 1.3,
      "formationParams": { "radius": 260, "turns": 2.2, "durationMs": 3000 },
      "telegraph": { "type": "circle", "durationMs": 820 },
      "telegraphDelayMs": 600,
      "audioCue": "announcer_warning",
      "category": "boss",
      "tags": ["brute"],
      "cooldownMs": 12000,
      "minimumStage": 4
    },
    {
      "id": "hard_burst_finale",
      "formation": "burst",
      "enemyType": "swarm",
      "count": 8,
      "speedMultiplier": 1.12,
      "hpMultiplier": 1,
      "formationParams": { "coneDegrees": 180, "ringCount": 3 },
      "telegraph": { "type": "zone", "durationMs": 580 },
      "telegraphDelayMs": 420,
      "category": "standard",
      "tags": ["swarm"],
      "cooldownMs": 6800,
      "fallbackEligible": true,
      "minimumStage": 3
    }
  ]
}
