{
  "id": "normal",
  "waves": [
    {
      "id": "normal_lane_combo",
      "formation": "lane",
      "enemyType": "swarm",
      "count": 5,
      "speedMultiplier": 0.92,
      "hpMultiplier": 1,
      "formationParams": { "laneIndex": 2 },
      "telegraph": { "type": "zone", "durationMs": 600 },
      "telegraphDelayMs": 360,
      "category": "light",
      "tags": ["swarm"],
      "cooldownMs": 3200,
      "fallbackEligible": true
    },
    {
      "id": "normal_lane_dashers",
      "formation": "lane",
      "enemyType": "dasher",
      "count": 4,
      "speedMultiplier": 1.05,
      "hpMultiplier": 0.65,
      "formationParams": { "laneIndex": 4 },
      "telegraph": { "type": "zone", "durationMs": 600 },
      "telegraphDelayMs": 420,
      "category": "standard",
      "tags": ["dasher"],
      "cooldownMs": 5000
    },
    {
      "id": "normal_sine_dash",
      "formation": "sine",
      "enemyType": "dasher",
      "count": 5,
      "speedMultiplier": 1,
      "hpMultiplier": 0.7,
      "formationParams": { "amplitude": 150, "wavelength": 320 },
      "telegraph": { "type": "line", "durationMs": 700 },
      "telegraphDelayMs": 520,
      "audioCue": "announcer_warning",
      "category": "standard",
      "tags": ["dasher"],
      "cooldownMs": 6200,
      "minimumStage": 2
    },
    {
      "id": "normal_v_swarm",
      "formation": "v",
      "enemyType": "swarm",
      "count": 7,
      "speedMultiplier": 0.96,
      "hpMultiplier": 1.05,
      "formationParams": { "spread": 70 },
      "telegraph": { "type": "line", "durationMs": 650 },
      "telegraphDelayMs": 460,
      "category": "standard",
      "tags": ["swarm"],
      "cooldownMs": 5400
    },
    {
      "id": "normal_swirl_mix",
      "formation": "swirl",
      "enemyType": "swarm",
      "count": 7,
      "speedMultiplier": 0.95,
      "hpMultiplier": 1.1,
      "formationParams": { "radius": 180, "turns": 2, "durationMs": 2800 },
      "telegraph": { "type": "circle", "durationMs": 780 },
      "telegraphDelayMs": 620,
      "audioCue": "announcer_enemies_approching",
      "category": "standard",
      "tags": ["swarm"],
      "cooldownMs": 7200,
      "minimumStage": 2
    },
    {
      "id": "normal_circle_mix",
      "formation": "circle",
      "enemyType": "swarm",
      "count": 10,
      "speedMultiplier": 0.92,
      "hpMultiplier": 1,
      "formationParams": { "radius": 240, "spinSpeed": 0.8 },
      "telegraph": { "type": "circle", "durationMs": 820 },
      "telegraphDelayMs": 680,
      "audioCue": "announcer_warning",
      "category": "heavy",
      "tags": ["swarm"],
      "cooldownMs": 8800,
      "minimumStage": 3
    },
    {
      "id": "normal_spiral_drop_dashers",
      "formation": "spiral_drop",
      "enemyType": "dasher",
      "count": 7,
      "speedMultiplier": 1.08,
      "hpMultiplier": 0.7,
      "formationParams": { "radius": 240, "turns": 2.5, "durationMs": 3200 },
      "telegraph": { "type": "circle", "durationMs": 750 },
      "telegraphDelayMs": 600,
      "audioCue": "announcer_warning",
      "category": "heavy",
      "tags": ["dasher"],
      "cooldownMs": 9600,
      "minimumStage": 3
    },
    {
      "id": "normal_burst_combo",
      "formation": "burst",
      "enemyType": "swarm",
      "count": 6,
      "speedMultiplier": 1.05,
      "hpMultiplier": 0.95,
      "formationParams": { "coneDegrees": 160, "ringCount": 2 },
      "telegraph": { "type": "zone", "durationMs": 560 },
      "telegraphDelayMs": 420,
      "category": "light",
      "tags": ["swarm"],
      "cooldownMs": 6200,
      "fallbackEligible": true
    },
    {
      "id": "normal_spiral_core",
      "formation": "spiral",
      "enemyType": "swarm",
      "count": 8,
      "speedMultiplier": 0.98,
      "hpMultiplier": 1.05,
      "formationParams": { "radius": 220, "turns": 3, "durationMs": 3600 },
      "telegraph": { "type": "circle", "durationMs": 760 },
      "telegraphDelayMs": 580,
      "category": "heavy",
      "tags": ["swarm"],
      "cooldownMs": 9000,
      "minimumStage": 4
    }
  ]
}
