{
  "player": {"speed": 250, "accel": 1800, "friction": 0.9, "hp": 3},
  "bullets": {"speed": 900, "cooldownMs": 120, "damage": 1, "ttlMs": 1000},
  "enemies": {
    "brute": {"hp": 6, "speed": 80, "damage": 1, "score": 100},
    "dasher": {"hp": 3, "speed": 160, "damage": 1, "score": 75},
    "swarm": {"hp": 1, "speed": 140, "damage": 1, "score": 25},
    "elite": {"hp": 24, "speed": 90, "damage": 2, "score": 500}
  },
  "spawn": {"baseDensity": 1, "eliteEveryNBars": 8},
  "scoring": {"perfectMs": 60, "goodMs": 120, "comboStep": 0.1, "comboMax": 8},
  "powerups": {"dropRates": {"shield": 0.08, "rapid": 0.06, "split": 0.06, "magnet": 0.06, "slowmo": 0.05}, "durations": {"shield": 5, "rapid": 8, "magnet": 8, "slowmo": 3}, "stackRules": "refresh"},
  "difficultyRamp": {"perMinuteHpPct": 12, "spawnRatePct": 15, "patternVariety": 1}
}
