{
  "id": "easy",
  "waves": [
    {
      "id": "easy_lane_intro_left",
      "formation": "lane",
      "enemyType": "swarm",
      "count": 3,
      "speedMultiplier": 0.72,
      "formationParams": { "laneIndex": 1 },
      "telegraph": { "type": "zone", "durationMs": 650 },
      "telegraphDelayMs": 400,
      "category": "light",
      "tags": ["swarm", "intro"],
      "fallbackEligible": true,
      "cooldownMs": 3600
    },
    {
      "id": "easy_lane_intro_right",
      "formation": "lane",
      "enemyType": "swarm",
      "count": 3,
      "speedMultiplier": 0.72,
      "formationParams": { "laneIndex": 3 },
      "telegraph": { "type": "zone", "durationMs": 650 },
      "telegraphDelayMs": 400,
      "category": "light",
      "tags": ["swarm", "intro"],
      "fallbackEligible": true,
      "cooldownMs": 3600
    },
    {
      "id": "easy_sine_warmup",
      "formation": "sine",
      "enemyType": "swarm",
      "count": 4,
      "speedMultiplier": 0.78,
      "formationParams": { "amplitude": 120, "wavelength": 340 },
      "telegraph": { "type": "line", "durationMs": 720 },
      "telegraphDelayMs": 500,
      "category": "standard",
      "tags": ["swarm"],
      "cooldownMs": 4200,
      "fallbackEligible": true
    },
    {
      "id": "easy_v_scouts",
      "formation": "v",
      "enemyType": "swarm",
      "count": 5,
      "speedMultiplier": 0.75,
      "formationParams": { "spread": 60 },
      "telegraph": { "type": "line", "durationMs": 680 },
      "telegraphDelayMs": 450,
      "category": "standard",
      "tags": ["swarm"],
      "cooldownMs": 5000
    },
    {
      "id": "easy_weaver_intro",
      "formation": "weaver",
      "enemyType": "weaver",
      "count": 3,
      "speedMultiplier": 0.74,
      "hpMultiplier": 0.85,
      "formationParams": { "amplitude": 140, "wavelength": 360 },
      "telegraph": { "type": "line", "durationMs": 760 },
      "telegraphDelayMs": 520,
      "category": "standard",
      "tags": ["weaver"],
      "cooldownMs": 5200,
      "minimumStage": 1
    },
    {
      "id": "easy_teleporter_duo",
      "formation": "teleporter",
      "enemyType": "teleporter",
      "count": 2,
      "speedMultiplier": 0.82,
      "hpMultiplier": 0.9,
      "formationParams": { "laneIndex": 1 },
      "telegraph": { "type": "circle", "durationMs": 620 },
      "telegraphDelayMs": 420,
      "category": "standard",
      "tags": ["teleporter"],
      "cooldownMs": 5200,
      "minimumStage": 2
    },
    {
      "id": "easy_swirl_soft",
      "formation": "swirl",
      "enemyType": "swarm",
      "count": 6,
      "speedMultiplier": 0.8,
      "hpMultiplier": 0.9,
      "formationParams": { "radius": 160, "turns": 1.5, "durationMs": 3200 },
      "telegraph": { "type": "circle", "durationMs": 800 },
      "telegraphDelayMs": 600,
      "audioCue": "announcer_enemies_approching",
      "category": "standard",
      "tags": ["swarm"],
      "cooldownMs": 6200
    },
    {
      "id": "easy_formation_swap",
      "formation": "formation_dancer",
      "enemyType": "formation",
      "count": 3,
      "speedMultiplier": 0.55,
      "hpMultiplier": 0.9,
      "formationParams": { "laneIndex": 2, "spacing": 70, "direction": 1 },
      "telegraph": { "type": "zone", "durationMs": 820 },
      "telegraphDelayMs": 540,
      "category": "standard",
      "tags": ["formation"],
      "cooldownMs": 5600,
      "minimumStage": 2
    },
    {
      "id": "easy_lane_flood",
      "formation": "lane_flood",
      "enemyType": "flooder",
      "speedMultiplier": 0.5,
      "hpMultiplier": 1,
      "formationParams": { "laneIndex": 2, "width": 200, "height": 140 },
      "telegraph": { "type": "zone", "durationMs": 820, "intensity": 0.9 },
      "telegraphDelayMs": 560,
      "category": "heavy",
      "tags": ["flooder"],
      "cooldownMs": 6400,
      "minimumStage": 3
    },
    {
      "id": "easy_circle_slow",
      "formation": "circle",
      "enemyType": "swarm",
      "count": 8,
      "speedMultiplier": 0.68,
      "hpMultiplier": 0.85,
      "formationParams": { "radius": 200, "spinSpeed": 0.5 },
      "telegraph": { "type": "circle", "durationMs": 900 },
      "telegraphDelayMs": 700,
      "audioCue": "announcer_warning",
      "category": "heavy",
      "tags": ["swarm"],
      "cooldownMs": 8000,
      "minimumStage": 2
    },
    {
      "id": "easy_spiral_drop_dashers",
      "formation": "spiral_drop",
      "enemyType": "dasher",
      "count": 6,
      "speedMultiplier": 0.92,
      "hpMultiplier": 0.7,
      "formationParams": { "radius": 210, "turns": 2, "durationMs": 3600 },
      "telegraph": { "type": "circle", "durationMs": 700 },
      "telegraphDelayMs": 600,
      "audioCue": "announcer_warning",
      "category": "heavy",
      "tags": ["dasher"],
      "cooldownMs": 9000,
      "minimumStage": 3
    },
    {
      "id": "easy_mirrorer_duo",
      "formation": "mirrorer",
      "enemyType": "mirrorer",
      "count": 2,
      "speedMultiplier": 0.68,
      "hpMultiplier": 0.95,
      "formationParams": { "laneIndex": 2, "spread": 80 },
      "telegraph": { "type": "line", "durationMs": 720 },
      "telegraphDelayMs": 520,
      "category": "standard",
      "tags": ["mirrorer"],
      "cooldownMs": 5400,
      "minimumStage": 2
    },
    {
      "id": "easy_burst_cleanup",
      "formation": "burst",
      "enemyType": "swarm",
      "count": 5,
      "speedMultiplier": 0.9,
      "hpMultiplier": 0.8,
      "formationParams": { "coneDegrees": 140, "ringCount": 1 },
      "telegraph": { "type": "zone", "durationMs": 500 },
      "telegraphDelayMs": 380,
      "category": "light",
      "tags": ["swarm"],
      "cooldownMs": 5200,
      "fallbackEligible": true
    }
  ]
}
