{
  "id": "normal",
  "waves": [
    {
      "id": "normal_lane_combo",
      "formation": "lane",
      "enemyType": "swarm",
      "count": 5,
      "speedMultiplier": 0.92,
      "hpMultiplier": 1,
      "formationParams": { "laneIndex": 2 },
      "telegraph": { "type": "zone", "durationMs": 600 },
      "telegraphDelayMs": 360,
      "category": "light",
      "tags": ["swarm"],
      "cooldownMs": 3200,
      "fallbackEligible": true
    },
    {
      "id": "normal_lane_hopper_intro",
      "formation": "lane_hopper",
      "enemyType": "brute",
      "speedMultiplier": 0.9,
      "hpMultiplier": 1,
      "formationParams": { "laneA": 0, "laneB": 2, "hopEveryBeats": 1 },
      "telegraph": { "type": "zone", "durationMs": 700 },
      "telegraphDelayMs": 420,
      "category": "standard",
      "tags": ["brute"],
      "cooldownMs": 4200,
      "fallbackEligible": true
    },
    {
      "id": "normal_exploder_pair",
      "formation": "lane",
      "enemyType": "exploder",
      "count": 2,
      "speedMultiplier": 0.58,
      "hpMultiplier": 1,
      "formationParams": { "laneIndex": 2 },
      "telegraph": { "type": "circle", "durationMs": 820, "intensity": 0.8 },
      "telegraphDelayMs": 520,
      "audioCue": "announcer_warning",
      "category": "standard",
      "tags": ["exploder"],
      "cooldownMs": 5400,
      "minimumStage": 2
    },
    {
      "id": "normal_lane_dashers",
      "formation": "lane",
      "enemyType": "dasher",
      "count": 4,
      "speedMultiplier": 1.05,
      "hpMultiplier": 0.65,
      "formationParams": { "laneIndex": 4 },
      "telegraph": { "type": "zone", "durationMs": 600 },
      "telegraphDelayMs": 420,
      "category": "standard",
      "tags": ["dasher"],
      "cooldownMs": 5000
    },
    {
      "id": "normal_weaver_sweep",
      "formation": "weaver",
      "enemyType": "weaver",
      "count": 4,
      "speedMultiplier": 0.86,
      "hpMultiplier": 0.95,
      "formationParams": { "amplitude": 180, "wavelength": 420 },
      "telegraph": { "type": "line", "durationMs": 760, "intensity": 0.8 },
      "telegraphDelayMs": 540,
      "audioCue": "announcer_warning",
      "category": "standard",
      "tags": ["weaver"],
      "cooldownMs": 5800,
      "minimumStage": 2
    },
    {
      "id": "normal_teleporter_triplet",
      "formation": "teleporter",
      "enemyType": "teleporter",
      "count": 3,
      "speedMultiplier": 0.9,
      "hpMultiplier": 1,
      "formationParams": { "laneIndex": 1 },
      "telegraph": { "type": "circle", "durationMs": 640, "intensity": 1 },
      "telegraphDelayMs": 420,
      "audioCue": "announcer_warning",
      "category": "standard",
      "tags": ["teleporter"],
      "cooldownMs": 5600,
      "minimumStage": 2
    },
    {
      "id": "normal_sine_dash",
      "formation": "sine",
      "enemyType": "dasher",
      "count": 5,
      "speedMultiplier": 1,
      "hpMultiplier": 0.7,
      "formationParams": { "amplitude": 150, "wavelength": 320 },
      "telegraph": { "type": "line", "durationMs": 700 },
      "telegraphDelayMs": 520,
      "audioCue": "announcer_warning",
      "category": "standard",
      "tags": ["dasher"],
      "cooldownMs": 6200,
      "minimumStage": 2
    },
    {
      "id": "normal_formation_spin",
      "formation": "formation_dancer",
      "enemyType": "formation",
      "count": 4,
      "speedMultiplier": 0.62,
      "hpMultiplier": 1.1,
      "formationParams": { "laneIndex": 2, "spacing": 90, "direction": 1 },
      "telegraph": { "type": "zone", "durationMs": 820, "intensity": 0.9 },
      "telegraphDelayMs": 560,
      "category": "standard",
      "tags": ["formation"],
      "cooldownMs": 6600,
      "minimumStage": 3
    },
    {
      "id": "normal_v_swarm",
      "formation": "v",
      "enemyType": "swarm",
      "count": 7,
      "speedMultiplier": 0.96,
      "hpMultiplier": 1.05,
      "formationParams": { "spread": 70 },
      "telegraph": { "type": "line", "durationMs": 650 },
      "telegraphDelayMs": 460,
      "category": "standard",
      "tags": ["swarm"],
      "cooldownMs": 5400
    },
    {
      "id": "normal_swirl_mix",
      "formation": "swirl",
      "enemyType": "swarm",
      "count": 7,
      "speedMultiplier": 0.95,
      "hpMultiplier": 1.1,
      "formationParams": { "radius": 180, "turns": 2, "durationMs": 2800 },
      "telegraph": { "type": "circle", "durationMs": 780 },
      "telegraphDelayMs": 620,
      "audioCue": "announcer_enemies_approching",
      "category": "standard",
      "tags": ["swarm"],
      "cooldownMs": 7200,
      "minimumStage": 2
    },
    {
      "id": "normal_mirrorer_hunt",
      "formation": "mirrorer",
      "enemyType": "mirrorer",
      "count": 3,
      "speedMultiplier": 0.78,
      "hpMultiplier": 1.1,
      "formationParams": { "laneIndex": 2, "spread": 110 },
      "telegraph": { "type": "line", "durationMs": 780 },
      "telegraphDelayMs": 560,
      "audioCue": "announcer_warning",
      "category": "standard",
      "tags": ["mirrorer"],
      "cooldownMs": 6200,
      "minimumStage": 3
    },
    {
      "id": "normal_lane_flood",
      "formation": "lane_flood",
      "enemyType": "flooder",
      "speedMultiplier": 0.55,
      "hpMultiplier": 1.15,
      "formationParams": { "laneIndex": 3, "width": 220, "height": 160 },
      "telegraph": { "type": "zone", "durationMs": 780, "intensity": 1 },
      "telegraphDelayMs": 520,
      "audioCue": "announcer_warning",
      "category": "heavy",
      "tags": ["flooder"],
      "cooldownMs": 7000,
      "minimumStage": 3
    },
    {
      "id": "normal_circle_mix",
      "formation": "circle",
      "enemyType": "swarm",
      "count": 10,
      "speedMultiplier": 0.92,
      "hpMultiplier": 1,
      "formationParams": { "radius": 240, "spinSpeed": 0.8 },
      "telegraph": { "type": "circle", "durationMs": 820 },
      "telegraphDelayMs": 680,
      "audioCue": "announcer_warning",
      "category": "heavy",
      "tags": ["swarm"],
      "cooldownMs": 8800,
      "minimumStage": 3
    },
    {
      "id": "normal_spiral_drop_dashers",
      "formation": "spiral_drop",
      "enemyType": "dasher",
      "count": 7,
      "speedMultiplier": 1.08,
      "hpMultiplier": 0.7,
      "formationParams": { "radius": 240, "turns": 2.5, "durationMs": 3200 },
      "telegraph": { "type": "circle", "durationMs": 750 },
      "telegraphDelayMs": 600,
      "audioCue": "announcer_warning",
      "category": "heavy",
      "tags": ["dasher"],
      "cooldownMs": 9600,
      "minimumStage": 3
    },
    {
      "id": "normal_burst_combo",
      "formation": "burst",
      "enemyType": "swarm",
      "count": 6,
      "speedMultiplier": 1.05,
      "hpMultiplier": 0.95,
      "formationParams": { "coneDegrees": 160, "ringCount": 2 },
      "telegraph": { "type": "zone", "durationMs": 560 },
      "telegraphDelayMs": 420,
      "category": "light",
      "tags": ["swarm"],
      "cooldownMs": 6200,
      "fallbackEligible": true
    },
    {
      "id": "normal_spiral_core",
      "formation": "spiral",
      "enemyType": "swarm",
      "count": 8,
      "speedMultiplier": 0.98,
      "hpMultiplier": 1.05,
      "formationParams": { "radius": 220, "turns": 3, "durationMs": 3600 },
      "telegraph": { "type": "circle", "durationMs": 760 },
      "telegraphDelayMs": 580,
      "category": "heavy",
      "tags": ["swarm"],
      "cooldownMs": 9000,
      "minimumStage": 4
    }
  ]
}
