{
  "frames": {
    "hit_spark_1": {
      "frame": {
        "x": 6,
        "y": 6,
        "w": 490,
        "h": 512
      },
      "rotated": false,
      "trimmed": true,
      "spriteSourceSize": {
        "x": 18,
        "y": 0,
        "w": 490,
        "h": 512
      },
      "sourceSize": {
        "w": 512,
        "h": 512
      },
      "pivot": {
        "x": 0.5,
        "y": 0.5
      }
    },
    "player_thruster_0": {
      "frame": {
        "x": 6,
        "y": 530,
        "w": 475,
        "h": 512
      },
      "rotated": false,
      "trimmed": true,
      "spriteSourceSize": {
        "x": 14,
        "y": 0,
        "w": 475,
        "h": 512
      },
      "sourceSize": {
        "w": 512,
        "h": 512
      },
      "pivot": {
        "x": 0.5,
        "y": 0.5
      }
    },
    "player_thruster_3": {
      "frame": {
        "x": 6,
        "y": 1054,
        "w": 432,
        "h": 512
      },
      "rotated": false,
      "trimmed": true,
      "spriteSourceSize": {
        "x": 75,
        "y": 0,
        "w": 432,
        "h": 512
      },
      "sourceSize": {
        "w": 512,
        "h": 512
      },
      "pivot": {
        "x": 0.5,
        "y": 0.5
      }
    },
    "hit_spark_2": {
      "frame": {
        "x": 6,
        "y": 1578,
        "w": 469,
        "h": 460
      },
      "rotated": false,
      "trimmed": true,
      "spriteSourceSize": {
        "x": 31,
        "y": 47,
        "w": 469,
        "h": 460
      },
      "sourceSize": {
        "w": 512,
        "h": 512
      },
      "pivot": {
        "x": 0.5,
        "y": 0.5
      }
    },
    "player_thruster_1": {
      "frame": {
        "x": 450,
        "y": 1054,
        "w": 307,
        "h": 512
      },
      "rotated": false,
      "trimmed": true,
      "spriteSourceSize": {
        "x": 101,
        "y": 0,
        "w": 307,
        "h": 512
      },
      "sourceSize": {
        "w": 512,
        "h": 512
      },
      "pivot": {
        "x": 0.5,
        "y": 0.5
      }
    },
    "player_thruster_2": {
      "frame": {
        "x": 493,
        "y": 530,
        "w": 298,
        "h": 512
      },
      "rotated": false,
      "trimmed": true,
      "spriteSourceSize": {
        "x": 89,
        "y": 0,
        "w": 298,
        "h": 512
      },
      "sourceSize": {
        "w": 512,
        "h": 512
      },
      "pivot": {
        "x": 0.5,
        "y": 0.5
      }
    },
    "elite_telegraph": {
      "frame": {
        "x": 487,
        "y": 1578,
        "w": 434,
        "h": 439
      },
      "rotated": false,
      "trimmed": true,
      "spriteSourceSize": {
        "x": 73,
        "y": 0,
        "w": 434,
        "h": 439
      },
      "sourceSize": {
        "w": 512,
        "h": 512
      },
      "pivot": {
        "x": 0.5,
        "y": 0.5
      }
    },
    "hit_spark_0": {
      "frame": {
        "x": 769,
        "y": 1054,
        "w": 498,
        "h": 484
      },
      "rotated": false,
      "trimmed": true,
      "spriteSourceSize": {
        "x": 9,
        "y": 0,
        "w": 498,
        "h": 484
      },
      "sourceSize": {
        "w": 512,
        "h": 512
      },
      "pivot": {
        "x": 0.5,
        "y": 0.5
      }
    },
    "hit_spark_3": {
      "frame": {
        "x": 933,
        "y": 1550,
        "w": 490,
        "h": 465
      },
      "rotated": false,
      "trimmed": true,
      "spriteSourceSize": {
        "x": 15,
        "y": 33,
        "w": 490,
        "h": 465
      },
      "sourceSize": {
        "w": 512,
        "h": 512
      },
      "pivot": {
        "x": 0.5,
        "y": 0.5
      }
    },
    "elite_body": {
      "frame": {
        "x": 508,
        "y": 6,
        "w": 91,
        "h": 91
      },
      "rotated": false,
      "trimmed": false,
      "spriteSourceSize": {
        "x": 0,
        "y": 0,
        "w": 91,
        "h": 91
      },
      "sourceSize": {
        "w": 91,
        "h": 91
      },
      "pivot": {
        "x": 0.5,
        "y": 0.5
      }
    },
    "enemy_brute_1": {
      "frame": {
        "x": 508,
        "y": 109,
        "w": 104,
        "h": 84
      },
      "rotated": false,
      "trimmed": false,
      "spriteSourceSize": {
        "x": 0,
        "y": 0,
        "w": 104,
        "h": 84
      },
      "sourceSize": {
        "w": 104,
        "h": 84
      },
      "pivot": {
        "x": 0.5,
        "y": 0.5
      }
    },
    "enemy_dasher_1": {
      "frame": {
        "x": 611,
        "y": 6,
        "w": 104,
        "h": 84
      },
      "rotated": false,
      "trimmed": false,
      "spriteSourceSize": {
        "x": 0,
        "y": 0,
        "w": 104,
        "h": 84
      },
      "sourceSize": {
        "w": 104,
        "h": 84
      },
      "pivot": {
        "x": 0.5,
        "y": 0.5
      }
    },
    "enemy_swarm_1": {
      "frame": {
        "x": 508,
        "y": 205,
        "w": 104,
        "h": 84
      },
      "rotated": false,
      "trimmed": false,
      "spriteSourceSize": {
        "x": 0,
        "y": 0,
        "w": 104,
        "h": 84
      },
      "sourceSize": {
        "w": 104,
        "h": 84
      },
      "pivot": {
        "x": 0.5,
        "y": 0.5
      }
    },
    "enemy_brute_2": {
      "frame": {
        "x": 508,
        "y": 301,
        "w": 103,
        "h": 84
      },
      "rotated": false,
      "trimmed": false,
      "spriteSourceSize": {
        "x": 0,
        "y": 0,
        "w": 103,
        "h": 84
      },
      "sourceSize": {
        "w": 103,
        "h": 84
      },
      "pivot": {
        "x": 0.5,
        "y": 0.5
      }
    },
    "enemy_dasher_2": {
      "frame": {
        "x": 508,
        "y": 397,
        "w": 103,
        "h": 84
      },
      "rotated": false,
      "trimmed": false,
      "spriteSourceSize": {
        "x": 0,
        "y": 0,
        "w": 103,
        "h": 84
      },
      "sourceSize": {
        "w": 103,
        "h": 84
      },
      "pivot": {
        "x": 0.5,
        "y": 0.5
      }
    },
    "enemy_brute_0": {
      "frame": {
        "x": 623,
        "y": 301,
        "w": 93,
        "h": 84
      },
      "rotated": false,
      "trimmed": false,
      "spriteSourceSize": {
        "x": 0,
        "y": 0,
        "w": 93,
        "h": 84
      },
      "sourceSize": {
        "w": 93,
        "h": 84
      },
      "pivot": {
        "x": 0.5,
        "y": 0.5
      }
    },
    "enemy_dasher_0": {
      "frame": {
        "x": 623,
        "y": 397,
        "w": 93,
        "h": 84
      },
      "rotated": false,
      "trimmed": false,
      "spriteSourceSize": {
        "x": 0,
        "y": 0,
        "w": 93,
        "h": 84
      },
      "sourceSize": {
        "w": 93,
        "h": 84
      },
      "pivot": {
        "x": 0.5,
        "y": 0.5
      }
    },
    "enemy_swarm_0": {
      "frame": {
        "x": 624,
        "y": 102,
        "w": 93,
        "h": 84
      },
      "rotated": false,
      "trimmed": false,
      "spriteSourceSize": {
        "x": 0,
        "y": 0,
        "w": 93,
        "h": 84
      },
      "sourceSize": {
        "w": 93,
        "h": 84
      },
      "pivot": {
        "x": 0.5,
        "y": 0.5
      }
    },
    "enemy_brute_3": {
      "frame": {
        "x": 728,
        "y": 6,
        "w": 82,
        "h": 84
      },
      "rotated": false,
      "trimmed": false,
      "spriteSourceSize": {
        "x": 0,
        "y": 0,
        "w": 82,
        "h": 84
      },
      "sourceSize": {
        "w": 82,
        "h": 84
      },
      "pivot": {
        "x": 0.5,
        "y": 0.5
      }
    },
    "enemy_dasher_3": {
      "frame": {
        "x": 822,
        "y": 6,
        "w": 82,
        "h": 84
      },
      "rotated": false,
      "trimmed": false,
      "spriteSourceSize": {
        "x": 0,
        "y": 0,
        "w": 82,
        "h": 84
      },
      "sourceSize": {
        "w": 82,
        "h": 84
      },
      "pivot": {
        "x": 0.5,
        "y": 0.5
      }
    },
    "player_idle": {
      "frame": {
        "x": 624,
        "y": 198,
        "w": 99,
        "h": 75
      },
      "rotated": false,
      "trimmed": false,
      "spriteSourceSize": {
        "x": 0,
        "y": 0,
        "w": 99,
        "h": 75
      },
      "sourceSize": {
        "w": 99,
        "h": 75
      },
      "pivot": {
        "x": 0.5,
        "y": 0.5
      }
    },
    "bullet_split": {
      "frame": {
        "x": 729,
        "y": 102,
        "w": 13,
        "h": 57
      },
      "rotated": false,
      "trimmed": false,
      "spriteSourceSize": {
        "x": 0,
        "y": 0,
        "w": 13,
        "h": 57
      },
      "sourceSize": {
        "w": 13,
        "h": 57
      },
      "pivot": {
        "x": 0.5,
        "y": 0.5
      }
    },
    "explosion_0": {
      "frame": {
        "x": 728,
        "y": 285,
        "w": 16,
        "h": 40
      },
      "rotated": false,
      "trimmed": false,
      "spriteSourceSize": {
        "x": 0,
        "y": 0,
        "w": 16,
        "h": 40
      },
      "sourceSize": {
        "w": 16,
        "h": 40
      },
      "pivot": {
        "x": 0.5,
        "y": 0.5
      }
    },
    "bullet_basic": {
      "frame": {
        "x": 735,
        "y": 171,
        "w": 13,
        "h": 37
      },
      "rotated": false,
      "trimmed": false,
      "spriteSourceSize": {
        "x": 0,
        "y": 0,
        "w": 13,
        "h": 37
      },
      "sourceSize": {
        "w": 13,
        "h": 37
      },
      "pivot": {
        "x": 0.5,
        "y": 0.5
      }
    },
    "explosion_3": {
      "frame": {
        "x": 754,
        "y": 220,
        "w": 14,
        "h": 34
      },
      "rotated": false,
      "trimmed": false,
      "spriteSourceSize": {
        "x": 0,
        "y": 0,
        "w": 14,
        "h": 34
      },
      "sourceSize": {
        "w": 14,
        "h": 34
      },
      "pivot": {
        "x": 0.5,
        "y": 0.5
      }
    },
    "pickup_magnet": {
      "frame": {
        "x": 780,
        "y": 220,
        "w": 34,
        "h": 33
      },
      "rotated": false,
      "trimmed": false,
      "spriteSourceSize": {
        "x": 0,
        "y": 0,
        "w": 34,
        "h": 33
      },
      "sourceSize": {
        "w": 34,
        "h": 33
      },
      "pivot": {
        "x": 0.5,
        "y": 0.5
      }
    },
    "pickup_rapid": {
      "frame": {
        "x": 754,
        "y": 102,
        "w": 34,
        "h": 33
      },
      "rotated": false,
      "trimmed": false,
      "spriteSourceSize": {
        "x": 0,
        "y": 0,
        "w": 34,
        "h": 33
      },
      "sourceSize": {
        "w": 34,
        "h": 33
      },
      "pivot": {
        "x": 0.5,
        "y": 0.5
      }
    },
    "pickup_shield": {
      "frame": {
        "x": 760,
        "y": 147,
        "w": 34,
        "h": 33
      },
      "rotated": false,
      "trimmed": false,
      "spriteSourceSize": {
        "x": 0,
        "y": 0,
        "w": 34,
        "h": 33
      },
      "sourceSize": {
        "w": 34,
        "h": 33
      },
      "pivot": {
        "x": 0.5,
        "y": 0.5
      }
    },
    "pickup_slowmo": {
      "frame": {
        "x": 800,
        "y": 102,
        "w": 34,
        "h": 33
      },
      "rotated": false,
      "trimmed": false,
      "spriteSourceSize": {
        "x": 0,
        "y": 0,
        "w": 34,
        "h": 33
      },
      "sourceSize": {
        "w": 34,
        "h": 33
      },
      "pivot": {
        "x": 0.5,
        "y": 0.5
      }
    },
    "pickup_split": {
      "frame": {
        "x": 806,
        "y": 147,
        "w": 34,
        "h": 33
      },
      "rotated": false,
      "trimmed": false,
      "spriteSourceSize": {
        "x": 0,
        "y": 0,
        "w": 34,
        "h": 33
      },
      "sourceSize": {
        "w": 34,
        "h": 33
      },
      "pivot": {
        "x": 0.5,
        "y": 0.5
      }
    },
    "explosion_2": {
      "frame": {
        "x": 846,
        "y": 102,
        "w": 14,
        "h": 32
      },
      "rotated": false,
      "trimmed": false,
      "spriteSourceSize": {
        "x": 0,
        "y": 0,
        "w": 14,
        "h": 32
      },
      "sourceSize": {
        "w": 14,
        "h": 32
      },
      "pivot": {
        "x": 0.5,
        "y": 0.5
      }
    },
    "explosion_1": {
      "frame": {
        "x": 728,
        "y": 337,
        "w": 14,
        "h": 31
      },
      "rotated": false,
      "trimmed": false,
      "spriteSourceSize": {
        "x": 0,
        "y": 0,
        "w": 14,
        "h": 31
      },
      "sourceSize": {
        "w": 14,
        "h": 31
      },
      "pivot": {
        "x": 0.5,
        "y": 0.5
      }
    },
    "explosion_4": {
      "frame": {
        "x": 728,
        "y": 380,
        "w": 14,
        "h": 31
      },
      "rotated": false,
      "trimmed": false,
      "spriteSourceSize": {
        "x": 0,
        "y": 0,
        "w": 14,
        "h": 31
      },
      "sourceSize": {
        "w": 14,
        "h": 31
      },
      "pivot": {
        "x": 0.5,
        "y": 0.5
      }
    },
    "explosion_5": {
      "frame": {
        "x": 728,
        "y": 423,
        "w": 14,
        "h": 31
      },
      "rotated": false,
      "trimmed": false,
      "spriteSourceSize": {
        "x": 0,
        "y": 0,
        "w": 14,
        "h": 31
      },
      "sourceSize": {
        "w": 14,
        "h": 31
      },
      "pivot": {
        "x": 0.5,
        "y": 0.5
      }
    },
    "explosion_6": {
      "frame": {
        "x": 728,
        "y": 466,
        "w": 14,
        "h": 31
      },
      "rotated": false,
      "trimmed": false,
      "spriteSourceSize": {
        "x": 0,
        "y": 0,
        "w": 14,
        "h": 31
      },
      "sourceSize": {
        "w": 14,
        "h": 31
      },
      "pivot": {
        "x": 0.5,
        "y": 0.5
      }
    },
    "explosion_7": {
      "frame": {
        "x": 754,
        "y": 337,
        "w": 14,
        "h": 31
      },
      "rotated": false,
      "trimmed": false,
      "spriteSourceSize": {
        "x": 0,
        "y": 0,
        "w": 14,
        "h": 31
      },
      "sourceSize": {
        "w": 14,
        "h": 31
      },
      "pivot": {
        "x": 0.5,
        "y": 0.5
      }
    }
  },
  "meta": {
    "app": "http://github.com/odrick/free-tex-packer-cli",
    "version": "0.3.0",
    "image": "gameplay.atlas.png",
    "format": "RGBA8888",
    "size": {
      "w": 2048,
      "h": 2048
    },
    "scale": 1
  }
}